Case ID	Folder	Path_raw	Path_sample
TCGA-90-6837	STAR_counts	/media/md0/abaumann/01_OLCIR/genomic_instab_test_lusc/00_raw_data/STAR_counts/e67aefdf-0c86-4390-aee1-2774d24c6cd1/fb202ad6-ab00-453e-bc4e-bdc96965995e.rna_seq.augmented_star_gene_counts.tsv	/media/md0/abaumann/01_OLCIR/genomic_instab_test_lusc/01_sample_data/STAR_counts/TCGA-90-6837.augmented_star_gene_counts.tsv
TCGA-43-8115	STAR_counts	/media/md0/abaumann/01_OLCIR/genomic_instab_test_lusc/00_raw_data/STAR_counts/035e88ea-e471-434a-8b93-ea7cc5776a89/6791cf32-7f47-439e-8d6a-527a5a55bae9.rna_seq.augmented_star_gene_counts.tsv	/media/md0/abaumann/01_OLCIR/genomic_instab_test_lusc/01_sample_data/STAR_counts/TCGA-43-8115.augmented_star_gene_counts.tsv
TCGA-85-A4CL	STAR_counts	/media/md0/abaumann/01_OLCIR/genomic_instab_test_lusc/00_raw_data/STAR_counts/741148a5-d9b6-412d-9dfe-a5ccd9717de5/0579a43e-3d6a-4b55-b7b6-e46f2f826a63.rna_seq.augmented_star_gene_counts.tsv	/media/md0/abaumann/01_OLCIR/genomic_instab_test_lusc/01_sample_data/STAR_counts/TCGA-85-A4CL.augmented_star_gene_counts.tsv
TCGA-34-5927	STAR_counts	/media/md0/abaumann/01_OLCIR/genomic_instab_test_lusc/00_raw_data/STAR_counts/4213466a-89e1-4273-92b0-948e921fd59a/8c686928-1b0b-409b-90c4-c18015a70b52.rna_seq.augmented_star_gene_counts.tsv	/media/md0/abaumann/01_OLCIR/genomic_instab_test_lusc/01_sample_data/STAR_counts/TCGA-34-5927.augmented_star_gene_counts.tsv
TCGA-85-8353	STAR_counts	/media/md0/abaumann/01_OLCIR/genomic_instab_test_lusc/00_raw_data/STAR_counts/f2f16e96-2c61-47f3-a697-baec786f07a1/90f5d5aa-9eef-4cb3-a64c-7743a2fe572b.rna_seq.augmented_star_gene_counts.tsv	/media/md0/abaumann/01_OLCIR/genomic_instab_test_lusc/01_sample_data/STAR_counts/TCGA-85-8353.augmented_star_gene_counts.tsv
TCGA-85-6798	STAR_counts	/media/md0/abaumann/01_OLCIR/genomic_instab_test_lusc/00_raw_data/STAR_counts/c105286e-08ac-4988-85d3-41d5d9f5fdf5/1d551553-e0fd-4008-ab18-93fbf77cf9b9.rna_seq.augmented_star_gene_counts.tsv	/media/md0/abaumann/01_OLCIR/genomic_instab_test_lusc/01_sample_data/STAR_counts/TCGA-85-6798.augmented_star_gene_counts.tsv
TCGA-56-8083	STAR_counts	/media/md0/abaumann/01_OLCIR/genomic_instab_test_lusc/00_raw_data/STAR_counts/d849e09d-3614-435d-b257-8a895c0249ba/0416296d-5a48-4405-b93b-32190182f308.rna_seq.augmented_star_gene_counts.tsv	/media/md0/abaumann/01_OLCIR/genomic_instab_test_lusc/01_sample_data/STAR_counts/TCGA-56-8083.augmented_star_gene_counts.tsv
TCGA-85-8277	STAR_counts	/media/md0/abaumann/01_OLCIR/genomic_instab_test_lusc/00_raw_data/STAR_counts/88dabd87-62d9-443a-abfb-87aac7913130/fb9197ac-e658-4294-bf02-6dd0bc7a277b.rna_seq.augmented_star_gene_counts.tsv	/media/md0/abaumann/01_OLCIR/genomic_instab_test_lusc/01_sample_data/STAR_counts/TCGA-85-8277.augmented_star_gene_counts.tsv
TCGA-21-1082	STAR_counts	/media/md0/abaumann/01_OLCIR/genomic_instab_test_lusc/00_raw_data/STAR_counts/fe79c09e-f0ac-4166-b789-33fa1d2fb9d0/915f6c40-fe7f-42ee-ac0d-a82a87c1d9cd.rna_seq.augmented_star_gene_counts.tsv	/media/md0/abaumann/01_OLCIR/genomic_instab_test_lusc/01_sample_data/STAR_counts/TCGA-21-1082.augmented_star_gene_counts.tsv
TCGA-52-7811	STAR_counts	/media/md0/abaumann/01_OLCIR/genomic_instab_test_lusc/00_raw_data/STAR_counts/b770f87e-a9a9-4748-8649-86baf9629dad/285c2788-1da0-4ad7-b98c-0d0619b627bd.rna_seq.augmented_star_gene_counts.tsv	/media/md0/abaumann/01_OLCIR/genomic_instab_test_lusc/01_sample_data/STAR_counts/TCGA-52-7811.augmented_star_gene_counts.tsv
TCGA-85-7844	STAR_counts	/media/md0/abaumann/01_OLCIR/genomic_instab_test_lusc/00_raw_data/STAR_counts/c02fdb09-ef01-4162-90dc-e42c0880bc34/4bd18000-5bd4-467c-8517-c6b0122c027f.rna_seq.augmented_star_gene_counts.tsv	/media/md0/abaumann/01_OLCIR/genomic_instab_test_lusc/01_sample_data/STAR_counts/TCGA-85-7844.augmented_star_gene_counts.tsv
TCGA-58-8386	STAR_counts	/media/md0/abaumann/01_OLCIR/genomic_instab_test_lusc/00_raw_data/STAR_counts/c2cdff0a-7852-47e3-b222-c51289e9d305/c16c7ee3-9527-485c-83da-91d4a773ccaf.rna_seq.augmented_star_gene_counts.tsv	/media/md0/abaumann/01_OLCIR/genomic_instab_test_lusc/01_sample_data/STAR_counts/TCGA-58-8386.augmented_star_gene_counts.tsv
TCGA-85-A4JB	STAR_counts	/media/md0/abaumann/01_OLCIR/genomic_instab_test_lusc/00_raw_data/STAR_counts/304d1243-0103-4bf7-919a-5bef507adb93/c4c5dca2-17d4-4bd2-ada9-f1c389182fed.rna_seq.augmented_star_gene_counts.tsv	/media/md0/abaumann/01_OLCIR/genomic_instab_test_lusc/01_sample_data/STAR_counts/TCGA-85-A4JB.augmented_star_gene_counts.tsv
TCGA-94-8035	STAR_counts	/media/md0/abaumann/01_OLCIR/genomic_instab_test_lusc/00_raw_data/STAR_counts/bc59ae84-15d7-4887-9233-9bab673979e1/e38cba45-52c9-413e-86e7-707598d9cf3e.rna_seq.augmented_star_gene_counts.tsv	/media/md0/abaumann/01_OLCIR/genomic_instab_test_lusc/01_sample_data/STAR_counts/TCGA-94-8035.augmented_star_gene_counts.tsv
TCGA-34-5234	STAR_counts	/media/md0/abaumann/01_OLCIR/genomic_instab_test_lusc/00_raw_data/STAR_counts/d1d499d9-b57f-42ce-9551-f9f18efdbf07/065e0bd3-5bd5-4dae-8711-e90c87a2d2eb.rna_seq.augmented_star_gene_counts.tsv	/media/md0/abaumann/01_OLCIR/genomic_instab_test_lusc/01_sample_data/STAR_counts/TCGA-34-5234.augmented_star_gene_counts.tsv
TCGA-56-7223	STAR_counts	/media/md0/abaumann/01_OLCIR/genomic_instab_test_lusc/00_raw_data/STAR_counts/6b3887e7-fbf3-402a-bd2d-895ad964dfbe/e37593fe-84a2-427d-88fc-1141f11f2649.rna_seq.augmented_star_gene_counts.tsv	/media/md0/abaumann/01_OLCIR/genomic_instab_test_lusc/01_sample_data/STAR_counts/TCGA-56-7223.augmented_star_gene_counts.tsv
TCGA-68-7755	STAR_counts	/media/md0/abaumann/01_OLCIR/genomic_instab_test_lusc/00_raw_data/STAR_counts/6bdd52ac-51c5-4f43-bf2c-95ee11367727/c5359233-1bc7-4d7d-893a-1114cb6a38ad.rna_seq.augmented_star_gene_counts.tsv	/media/md0/abaumann/01_OLCIR/genomic_instab_test_lusc/01_sample_data/STAR_counts/TCGA-68-7755.augmented_star_gene_counts.tsv
TCGA-52-7810	STAR_counts	/media/md0/abaumann/01_OLCIR/genomic_instab_test_lusc/00_raw_data/STAR_counts/f0599560-eb57-4d05-b9be-09d70aa1baa5/2ffed52e-068e-461e-acc1-a0db838af1e7.rna_seq.augmented_star_gene_counts.tsv	/media/md0/abaumann/01_OLCIR/genomic_instab_test_lusc/01_sample_data/STAR_counts/TCGA-52-7810.augmented_star_gene_counts.tsv
TCGA-63-A5MR	STAR_counts	/media/md0/abaumann/01_OLCIR/genomic_instab_test_lusc/00_raw_data/STAR_counts/ca1ed3c2-6a69-4256-bc23-958599a70d45/3b944567-4d12-4cac-839f-31643a23b9fc.rna_seq.augmented_star_gene_counts.tsv	/media/md0/abaumann/01_OLCIR/genomic_instab_test_lusc/01_sample_data/STAR_counts/TCGA-63-A5MR.augmented_star_gene_counts.tsv
TCGA-96-7545	STAR_counts	/media/md0/abaumann/01_OLCIR/genomic_instab_test_lusc/00_raw_data/STAR_counts/e10aaba3-1a82-405e-8fc5-81594351b775/bbe66330-7ed8-4c41-bfa9-53bdfce3cc1f.rna_seq.augmented_star_gene_counts.tsv	/media/md0/abaumann/01_OLCIR/genomic_instab_test_lusc/01_sample_data/STAR_counts/TCGA-96-7545.augmented_star_gene_counts.tsv
TCGA-77-7140	STAR_counts	/media/md0/abaumann/01_OLCIR/genomic_instab_test_lusc/00_raw_data/STAR_counts/d2b8708b-87ff-4ac9-878e-9072ba1d31dd/b6cbc920-9212-4a58-b109-8a57e394ef58.rna_seq.augmented_star_gene_counts.tsv	/media/md0/abaumann/01_OLCIR/genomic_instab_test_lusc/01_sample_data/STAR_counts/TCGA-77-7140.augmented_star_gene_counts.tsv
TCGA-96-7544	STAR_counts	/media/md0/abaumann/01_OLCIR/genomic_instab_test_lusc/00_raw_data/STAR_counts/49a41cb0-13b7-4a1d-ba2b-9e978e6c3a86/08552b37-2d39-4696-a9b0-71795a276b7b.rna_seq.augmented_star_gene_counts.tsv	/media/md0/abaumann/01_OLCIR/genomic_instab_test_lusc/01_sample_data/STAR_counts/TCGA-96-7544.augmented_star_gene_counts.tsv
TCGA-85-A4QR	STAR_counts	/media/md0/abaumann/01_OLCIR/genomic_instab_test_lusc/00_raw_data/STAR_counts/4394ba2a-2229-4960-b346-cc654623650a/a462c0f9-23d3-428b-9b61-e42cb6a68af1.rna_seq.augmented_star_gene_counts.tsv	/media/md0/abaumann/01_OLCIR/genomic_instab_test_lusc/01_sample_data/STAR_counts/TCGA-85-A4QR.augmented_star_gene_counts.tsv
TCGA-77-7465	STAR_counts	/media/md0/abaumann/01_OLCIR/genomic_instab_test_lusc/00_raw_data/STAR_counts/5db6d381-4369-4178-abee-2dea4a94f7aa/68111827-d5af-4d9c-beb2-e34678e73a62.rna_seq.augmented_star_gene_counts.tsv	/media/md0/abaumann/01_OLCIR/genomic_instab_test_lusc/01_sample_data/STAR_counts/TCGA-77-7465.augmented_star_gene_counts.tsv
TCGA-85-6561	STAR_counts	/media/md0/abaumann/01_OLCIR/genomic_instab_test_lusc/00_raw_data/STAR_counts/db0b0468-4b6d-4d6c-a16e-0a28b5798ea9/6b267f00-73c0-4657-a61e-e552eef5b432.rna_seq.augmented_star_gene_counts.tsv	/media/md0/abaumann/01_OLCIR/genomic_instab_test_lusc/01_sample_data/STAR_counts/TCGA-85-6561.augmented_star_gene_counts.tsv
TCGA-63-A5MT	STAR_counts	/media/md0/abaumann/01_OLCIR/genomic_instab_test_lusc/00_raw_data/STAR_counts/543bccea-3c04-452f-aa0d-e978eb531c0e/023acc63-ca58-42f9-939c-3b22682dc7cc.rna_seq.augmented_star_gene_counts.tsv	/media/md0/abaumann/01_OLCIR/genomic_instab_test_lusc/01_sample_data/STAR_counts/TCGA-63-A5MT.augmented_star_gene_counts.tsv
TCGA-98-8023	STAR_counts	/media/md0/abaumann/01_OLCIR/genomic_instab_test_lusc/00_raw_data/STAR_counts/bebca0ac-b673-4d1b-bc34-31806d1b6dff/27ebac4a-87b1-4aec-b856-8f7acde78990.rna_seq.augmented_star_gene_counts.tsv	/media/md0/abaumann/01_OLCIR/genomic_instab_test_lusc/01_sample_data/STAR_counts/TCGA-98-8023.augmented_star_gene_counts.tsv
TCGA-33-A4WN	STAR_counts	/media/md0/abaumann/01_OLCIR/genomic_instab_test_lusc/00_raw_data/STAR_counts/d6e77785-08d1-4b50-b97a-4e927cbb1669/4936e396-7bec-4b5b-936a-029889e5d271.rna_seq.augmented_star_gene_counts.tsv	/media/md0/abaumann/01_OLCIR/genomic_instab_test_lusc/01_sample_data/STAR_counts/TCGA-33-A4WN.augmented_star_gene_counts.tsv
TCGA-85-8479	STAR_counts	/media/md0/abaumann/01_OLCIR/genomic_instab_test_lusc/00_raw_data/STAR_counts/f514f386-f7e8-4771-8d22-48430740328e/947d262c-5ccf-413a-868f-16ed7005a46b.rna_seq.augmented_star_gene_counts.tsv	/media/md0/abaumann/01_OLCIR/genomic_instab_test_lusc/01_sample_data/STAR_counts/TCGA-85-8479.augmented_star_gene_counts.tsv
TCGA-85-A512	STAR_counts	/media/md0/abaumann/01_OLCIR/genomic_instab_test_lusc/00_raw_data/STAR_counts/5da11eb6-0570-43e8-bb80-05fbd75bb347/9b1cbbad-58a1-4591-98b6-16292454d6f6.rna_seq.augmented_star_gene_counts.tsv	/media/md0/abaumann/01_OLCIR/genomic_instab_test_lusc/01_sample_data/STAR_counts/TCGA-85-A512.augmented_star_gene_counts.tsv
TCGA-98-A53A	STAR_counts	/media/md0/abaumann/01_OLCIR/genomic_instab_test_lusc/00_raw_data/STAR_counts/8d5a94c8-b3d9-4991-8ce9-f7aa9189938c/4cbbd805-2dd4-479d-ae3b-ac8292540210.rna_seq.augmented_star_gene_counts.tsv	/media/md0/abaumann/01_OLCIR/genomic_instab_test_lusc/01_sample_data/STAR_counts/TCGA-98-A53A.augmented_star_gene_counts.tsv
TCGA-21-1081	STAR_counts	/media/md0/abaumann/01_OLCIR/genomic_instab_test_lusc/00_raw_data/STAR_counts/e789877b-6eb5-434c-85b8-a62a99937b98/cd043a38-03e2-4278-8396-c5654e056664.rna_seq.augmented_star_gene_counts.tsv	/media/md0/abaumann/01_OLCIR/genomic_instab_test_lusc/01_sample_data/STAR_counts/TCGA-21-1081.augmented_star_gene_counts.tsv
TCGA-56-7579	STAR_counts	/media/md0/abaumann/01_OLCIR/genomic_instab_test_lusc/00_raw_data/STAR_counts/0827512b-4fd5-405e-ba15-fb69ee8fddba/843d3266-d3bf-4193-b2cc-1146dffd81a2.rna_seq.augmented_star_gene_counts.tsv	/media/md0/abaumann/01_OLCIR/genomic_instab_test_lusc/01_sample_data/STAR_counts/TCGA-56-7579.augmented_star_gene_counts.tsv
TCGA-43-6770	STAR_counts	/media/md0/abaumann/01_OLCIR/genomic_instab_test_lusc/00_raw_data/STAR_counts/f9c280f7-4975-4970-806d-2cf4b94ccf74/7733c278-8e2b-4d6f-9e28-82256ea05035.rna_seq.augmented_star_gene_counts.tsv	/media/md0/abaumann/01_OLCIR/genomic_instab_test_lusc/01_sample_data/STAR_counts/TCGA-43-6770.augmented_star_gene_counts.tsv
TCGA-94-7033	STAR_counts	/media/md0/abaumann/01_OLCIR/genomic_instab_test_lusc/00_raw_data/STAR_counts/94cab1e2-dcd6-43b7-b359-75b0c4a485ba/23f1ad0c-c9d5-408f-bba8-1bb71364007b.rna_seq.augmented_star_gene_counts.tsv	/media/md0/abaumann/01_OLCIR/genomic_instab_test_lusc/01_sample_data/STAR_counts/TCGA-94-7033.augmented_star_gene_counts.tsv
TCGA-56-8623	STAR_counts	/media/md0/abaumann/01_OLCIR/genomic_instab_test_lusc/00_raw_data/STAR_counts/cf282dd2-fc71-41e4-a22d-87ea9de78b71/221c0abc-cf42-48ce-aabd-6aa0f84bcf30.rna_seq.augmented_star_gene_counts.tsv	/media/md0/abaumann/01_OLCIR/genomic_instab_test_lusc/01_sample_data/STAR_counts/TCGA-56-8623.augmented_star_gene_counts.tsv
TCGA-56-8308	STAR_counts	/media/md0/abaumann/01_OLCIR/genomic_instab_test_lusc/00_raw_data/STAR_counts/41f4ae8d-e832-46e4-aa65-87ba050d39d3/2acc3468-bc59-4cc2-9ab0-95c8a57a9c78.rna_seq.augmented_star_gene_counts.tsv	/media/md0/abaumann/01_OLCIR/genomic_instab_test_lusc/01_sample_data/STAR_counts/TCGA-56-8308.augmented_star_gene_counts.tsv
TCGA-58-8388	STAR_counts	/media/md0/abaumann/01_OLCIR/genomic_instab_test_lusc/00_raw_data/STAR_counts/06ca30ec-156b-4f5e-9466-4563296a589d/e8fbb9e4-a42d-4bfe-8001-31505fc33a4e.rna_seq.augmented_star_gene_counts.tsv	/media/md0/abaumann/01_OLCIR/genomic_instab_test_lusc/01_sample_data/STAR_counts/TCGA-58-8388.augmented_star_gene_counts.tsv
TCGA-34-5241	STAR_counts	/media/md0/abaumann/01_OLCIR/genomic_instab_test_lusc/00_raw_data/STAR_counts/96c4cf1d-ca50-4abb-81fd-4eb090111a4c/5b2ab630-763b-4efa-9681-fc3c8f65aa2f.rna_seq.augmented_star_gene_counts.tsv	/media/md0/abaumann/01_OLCIR/genomic_instab_test_lusc/01_sample_data/STAR_counts/TCGA-34-5241.augmented_star_gene_counts.tsv
TCGA-77-A5G6	STAR_counts	/media/md0/abaumann/01_OLCIR/genomic_instab_test_lusc/00_raw_data/STAR_counts/b1af869c-458d-43cb-aed9-f785a8b615b8/f84c095c-92ae-4448-994e-de023c348520.rna_seq.augmented_star_gene_counts.tsv	/media/md0/abaumann/01_OLCIR/genomic_instab_test_lusc/01_sample_data/STAR_counts/TCGA-77-A5G6.augmented_star_gene_counts.tsv
TCGA-34-8454	STAR_counts	/media/md0/abaumann/01_OLCIR/genomic_instab_test_lusc/00_raw_data/STAR_counts/6602a055-2305-48a2-9c54-8a29778c5644/e83faec0-340e-4d7a-b56f-dfe285e6b794.rna_seq.augmented_star_gene_counts.tsv	/media/md0/abaumann/01_OLCIR/genomic_instab_test_lusc/01_sample_data/STAR_counts/TCGA-34-8454.augmented_star_gene_counts.tsv
TCGA-85-7699	STAR_counts	/media/md0/abaumann/01_OLCIR/genomic_instab_test_lusc/00_raw_data/STAR_counts/9ab3bfe1-463e-40b8-9380-da7cc3bf6d16/61419601-eb40-48c4-b221-f244a321287b.rna_seq.augmented_star_gene_counts.tsv	/media/md0/abaumann/01_OLCIR/genomic_instab_test_lusc/01_sample_data/STAR_counts/TCGA-85-7699.augmented_star_gene_counts.tsv
TCGA-O2-A52N	STAR_counts	/media/md0/abaumann/01_OLCIR/genomic_instab_test_lusc/00_raw_data/STAR_counts/fd22fbac-3add-4e12-8bba-49f42e0bb39a/01d30473-7c6c-43ea-adf9-777c37917f88.rna_seq.augmented_star_gene_counts.tsv	/media/md0/abaumann/01_OLCIR/genomic_instab_test_lusc/01_sample_data/STAR_counts/TCGA-O2-A52N.augmented_star_gene_counts.tsv
TCGA-58-8393	STAR_counts	/media/md0/abaumann/01_OLCIR/genomic_instab_test_lusc/00_raw_data/STAR_counts/2d135613-d5e9-41c8-af31-8c6ffe073f58/96403ed2-56f1-4400-9b71-38364e579bae.rna_seq.augmented_star_gene_counts.tsv	/media/md0/abaumann/01_OLCIR/genomic_instab_test_lusc/01_sample_data/STAR_counts/TCGA-58-8393.augmented_star_gene_counts.tsv
TCGA-98-8021	STAR_counts	/media/md0/abaumann/01_OLCIR/genomic_instab_test_lusc/00_raw_data/STAR_counts/db3b76cb-5f0d-4df2-b42b-3e66e102b286/498a2b3c-8330-4e83-9002-80e8faacd1d3.rna_seq.augmented_star_gene_counts.tsv	/media/md0/abaumann/01_OLCIR/genomic_instab_test_lusc/01_sample_data/STAR_counts/TCGA-98-8021.augmented_star_gene_counts.tsv
TCGA-56-8629	STAR_counts	/media/md0/abaumann/01_OLCIR/genomic_instab_test_lusc/00_raw_data/STAR_counts/2ea24d12-dddd-4628-ab66-5c70805b07e2/996bd4b6-e9a9-475c-8794-be2082131a9f.rna_seq.augmented_star_gene_counts.tsv	/media/md0/abaumann/01_OLCIR/genomic_instab_test_lusc/01_sample_data/STAR_counts/TCGA-56-8629.augmented_star_gene_counts.tsv
TCGA-63-7023	STAR_counts	/media/md0/abaumann/01_OLCIR/genomic_instab_test_lusc/00_raw_data/STAR_counts/df540788-5785-41f3-a43e-398aa9067664/776ed666-ea2e-4bfc-8304-6ed47efd2a73.rna_seq.augmented_star_gene_counts.tsv	/media/md0/abaumann/01_OLCIR/genomic_instab_test_lusc/01_sample_data/STAR_counts/TCGA-63-7023.augmented_star_gene_counts.tsv
TCGA-85-8584	STAR_counts	/media/md0/abaumann/01_OLCIR/genomic_instab_test_lusc/00_raw_data/STAR_counts/5fc2465c-ea55-4197-87d2-a3822c8164ef/e2a7e12b-a940-4031-ad7f-a02cbb2a338f.rna_seq.augmented_star_gene_counts.tsv	/media/md0/abaumann/01_OLCIR/genomic_instab_test_lusc/01_sample_data/STAR_counts/TCGA-85-8584.augmented_star_gene_counts.tsv
TCGA-77-8154	STAR_counts	/media/md0/abaumann/01_OLCIR/genomic_instab_test_lusc/00_raw_data/STAR_counts/7097d905-c693-4de3-bed7-0d3fdbbe3b37/54dfc3dc-4b60-4e85-ae78-0e1c2b14abeb.rna_seq.augmented_star_gene_counts.tsv	/media/md0/abaumann/01_OLCIR/genomic_instab_test_lusc/01_sample_data/STAR_counts/TCGA-77-8154.augmented_star_gene_counts.tsv
TCGA-85-A50M	STAR_counts	/media/md0/abaumann/01_OLCIR/genomic_instab_test_lusc/00_raw_data/STAR_counts/9f6308ed-98f2-44cf-b3de-b534ccf808f9/68b558ca-c3bb-4a1f-b133-624c4bc0e2dc.rna_seq.augmented_star_gene_counts.tsv	/media/md0/abaumann/01_OLCIR/genomic_instab_test_lusc/01_sample_data/STAR_counts/TCGA-85-A50M.augmented_star_gene_counts.tsv
TCGA-XC-AA0X	STAR_counts	/media/md0/abaumann/01_OLCIR/genomic_instab_test_lusc/00_raw_data/STAR_counts/af4b1495-7078-4042-8d0d-1769b7dcc53d/9643ba21-d26d-441e-a68d-ce4b98790711.rna_seq.augmented_star_gene_counts.tsv	/media/md0/abaumann/01_OLCIR/genomic_instab_test_lusc/01_sample_data/STAR_counts/TCGA-XC-AA0X.augmented_star_gene_counts.tsv
TCGA-J1-A4AH	STAR_counts	/media/md0/abaumann/01_OLCIR/genomic_instab_test_lusc/00_raw_data/STAR_counts/752b0067-d61f-4c6f-bd71-46e0338f15de/52a41293-9031-4b0c-ac1e-7b01a645248d.rna_seq.augmented_star_gene_counts.tsv	/media/md0/abaumann/01_OLCIR/genomic_instab_test_lusc/01_sample_data/STAR_counts/TCGA-J1-A4AH.augmented_star_gene_counts.tsv
TCGA-90-7766	STAR_counts	/media/md0/abaumann/01_OLCIR/genomic_instab_test_lusc/00_raw_data/STAR_counts/bc278946-a5c8-4b1a-a5cc-583ab4ee1420/afe1d6a7-79e5-426b-8b15-aa67e84b3c03.rna_seq.augmented_star_gene_counts.tsv	/media/md0/abaumann/01_OLCIR/genomic_instab_test_lusc/01_sample_data/STAR_counts/TCGA-90-7766.augmented_star_gene_counts.tsv
TCGA-85-8481	STAR_counts	/media/md0/abaumann/01_OLCIR/genomic_instab_test_lusc/00_raw_data/STAR_counts/470afda8-c4a4-4161-b6e7-1f0d2372d2c7/7d2957c7-2c69-499d-9a75-aa54f04cb530.rna_seq.augmented_star_gene_counts.tsv	/media/md0/abaumann/01_OLCIR/genomic_instab_test_lusc/01_sample_data/STAR_counts/TCGA-85-8481.augmented_star_gene_counts.tsv
TCGA-98-A53J	STAR_counts	/media/md0/abaumann/01_OLCIR/genomic_instab_test_lusc/00_raw_data/STAR_counts/108d78db-9d31-4dbf-86f7-5e50134b91a6/dbdf55c4-832a-4eec-ac78-d6b83dcc0645.rna_seq.augmented_star_gene_counts.tsv	/media/md0/abaumann/01_OLCIR/genomic_instab_test_lusc/01_sample_data/STAR_counts/TCGA-98-A53J.augmented_star_gene_counts.tsv
TCGA-85-8288	STAR_counts	/media/md0/abaumann/01_OLCIR/genomic_instab_test_lusc/00_raw_data/STAR_counts/4928764c-6c45-409a-b886-b9b458d37c2c/e4e9b46b-9fea-4358-908a-811d2bd44b54.rna_seq.augmented_star_gene_counts.tsv	/media/md0/abaumann/01_OLCIR/genomic_instab_test_lusc/01_sample_data/STAR_counts/TCGA-85-8288.augmented_star_gene_counts.tsv
TCGA-63-7020	STAR_counts	/media/md0/abaumann/01_OLCIR/genomic_instab_test_lusc/00_raw_data/STAR_counts/6bff99d4-8131-4e5f-8bc8-57bb4675d580/007e754d-e85c-4278-9183-382fbc61121f.rna_seq.augmented_star_gene_counts.tsv	/media/md0/abaumann/01_OLCIR/genomic_instab_test_lusc/01_sample_data/STAR_counts/TCGA-63-7020.augmented_star_gene_counts.tsv
TCGA-34-5239	STAR_counts	/media/md0/abaumann/01_OLCIR/genomic_instab_test_lusc/00_raw_data/STAR_counts/bd1636e9-49de-459a-acc6-4cb0c4a80c45/5bc83672-ab34-40f9-928c-00412b245b5b.rna_seq.augmented_star_gene_counts.tsv	/media/md0/abaumann/01_OLCIR/genomic_instab_test_lusc/01_sample_data/STAR_counts/TCGA-34-5239.augmented_star_gene_counts.tsv
TCGA-85-8352	STAR_counts	/media/md0/abaumann/01_OLCIR/genomic_instab_test_lusc/00_raw_data/STAR_counts/4fc4b4e0-6a01-4e8f-89f8-f68203f0105d/4f22c37d-3ee4-4237-8b39-d7a9a91f2e2d.rna_seq.augmented_star_gene_counts.tsv	/media/md0/abaumann/01_OLCIR/genomic_instab_test_lusc/01_sample_data/STAR_counts/TCGA-85-8352.augmented_star_gene_counts.tsv
TCGA-70-6723	STAR_counts	/media/md0/abaumann/01_OLCIR/genomic_instab_test_lusc/00_raw_data/STAR_counts/2b600b63-198b-43af-844d-ca9629b8e508/7999ce36-cdcf-41a8-bde7-6f519e619857.rna_seq.augmented_star_gene_counts.tsv	/media/md0/abaumann/01_OLCIR/genomic_instab_test_lusc/01_sample_data/STAR_counts/TCGA-70-6723.augmented_star_gene_counts.tsv
TCGA-37-A5EM	STAR_counts	/media/md0/abaumann/01_OLCIR/genomic_instab_test_lusc/00_raw_data/STAR_counts/ac55bde0-199a-410d-8127-e2ac2a320e2b/b3318acf-3b21-4d6c-beb9-0c18a18a484d.rna_seq.augmented_star_gene_counts.tsv	/media/md0/abaumann/01_OLCIR/genomic_instab_test_lusc/01_sample_data/STAR_counts/TCGA-37-A5EM.augmented_star_gene_counts.tsv
TCGA-92-7341	STAR_counts	/media/md0/abaumann/01_OLCIR/genomic_instab_test_lusc/00_raw_data/STAR_counts/8dc3309f-0346-478c-a704-872a046ff2aa/0672c617-1b52-4184-b879-87817fcc38b7.rna_seq.augmented_star_gene_counts.tsv	/media/md0/abaumann/01_OLCIR/genomic_instab_test_lusc/01_sample_data/STAR_counts/TCGA-92-7341.augmented_star_gene_counts.tsv
TCGA-37-4135	STAR_counts	/media/md0/abaumann/01_OLCIR/genomic_instab_test_lusc/00_raw_data/STAR_counts/df995d66-d541-42e4-935e-198829fbecb2/7348a0dd-4824-478c-95e9-fd7107c247b6.rna_seq.augmented_star_gene_counts.tsv	/media/md0/abaumann/01_OLCIR/genomic_instab_test_lusc/01_sample_data/STAR_counts/TCGA-37-4135.augmented_star_gene_counts.tsv
TCGA-56-8625	STAR_counts	/media/md0/abaumann/01_OLCIR/genomic_instab_test_lusc/00_raw_data/STAR_counts/a79328d0-1da2-4a72-a319-2badd03985e3/bcfe99a0-4126-4247-8dcc-c823ce2fdcd5.rna_seq.augmented_star_gene_counts.tsv	/media/md0/abaumann/01_OLCIR/genomic_instab_test_lusc/01_sample_data/STAR_counts/TCGA-56-8625.augmented_star_gene_counts.tsv
TCGA-85-6175	STAR_counts	/media/md0/abaumann/01_OLCIR/genomic_instab_test_lusc/00_raw_data/STAR_counts/8a88c897-62f2-4079-8029-804f7d782bb7/14fe30e1-ae34-490e-a9bc-16de4e7e240e.rna_seq.augmented_star_gene_counts.tsv	/media/md0/abaumann/01_OLCIR/genomic_instab_test_lusc/01_sample_data/STAR_counts/TCGA-85-6175.augmented_star_gene_counts.tsv
TCGA-77-8146	STAR_counts	/media/md0/abaumann/01_OLCIR/genomic_instab_test_lusc/00_raw_data/STAR_counts/e95d92be-5170-46c5-884b-f88195d549ed/6df808d4-b660-463e-ab2d-cc31f173fce8.rna_seq.augmented_star_gene_counts.tsv	/media/md0/abaumann/01_OLCIR/genomic_instab_test_lusc/01_sample_data/STAR_counts/TCGA-77-8146.augmented_star_gene_counts.tsv
TCGA-85-A4CN	STAR_counts	/media/md0/abaumann/01_OLCIR/genomic_instab_test_lusc/00_raw_data/STAR_counts/99488a4a-85cb-4b08-96b4-c6a6a1238da9/3c6ef566-fb1a-48d6-9616-c64e7aed881a.rna_seq.augmented_star_gene_counts.tsv	/media/md0/abaumann/01_OLCIR/genomic_instab_test_lusc/01_sample_data/STAR_counts/TCGA-85-A4CN.augmented_star_gene_counts.tsv
TCGA-85-8070	STAR_counts	/media/md0/abaumann/01_OLCIR/genomic_instab_test_lusc/00_raw_data/STAR_counts/943d7e24-0b89-4ea8-9e86-573a7187a58b/8a19153b-5260-4fb9-939c-a4764bce20b0.rna_seq.augmented_star_gene_counts.tsv	/media/md0/abaumann/01_OLCIR/genomic_instab_test_lusc/01_sample_data/STAR_counts/TCGA-85-8070.augmented_star_gene_counts.tsv
TCGA-56-7221	STAR_counts	/media/md0/abaumann/01_OLCIR/genomic_instab_test_lusc/00_raw_data/STAR_counts/f95d3d81-2433-4018-a042-f24b9f04946a/545f9937-b128-4f44-8b12-ded0fb79bf3f.rna_seq.augmented_star_gene_counts.tsv	/media/md0/abaumann/01_OLCIR/genomic_instab_test_lusc/01_sample_data/STAR_counts/TCGA-56-7221.augmented_star_gene_counts.tsv
TCGA-94-7033	Splicing	/media/md0/abaumann/01_OLCIR/genomic_instab_test_lusc/00_raw_data/Splicing/e989dd04-9b4e-470f-bc07-3ce9b4730cf2/23f1ad0c-c9d5-408f-bba8-1bb71364007b.rna_seq.star_splice_junctions.tsv.gz	/media/md0/abaumann/01_OLCIR/genomic_instab_test_lusc/01_sample_data/Splicing/TCGA-94-7033.star_splice_junctions.tsv.gz
TCGA-J1-A4AH	Splicing	/media/md0/abaumann/01_OLCIR/genomic_instab_test_lusc/00_raw_data/Splicing/5317bf2f-e7a7-43f7-81a9-e376225da4c3/52a41293-9031-4b0c-ac1e-7b01a645248d.rna_seq.star_splice_junctions.tsv.gz	/media/md0/abaumann/01_OLCIR/genomic_instab_test_lusc/01_sample_data/Splicing/TCGA-J1-A4AH.star_splice_junctions.tsv.gz
TCGA-85-8481	Splicing	/media/md0/abaumann/01_OLCIR/genomic_instab_test_lusc/00_raw_data/Splicing/be03e4d7-b9c6-4423-bb30-d64a3ec6b29e/7d2957c7-2c69-499d-9a75-aa54f04cb530.rna_seq.star_splice_junctions.tsv.gz	/media/md0/abaumann/01_OLCIR/genomic_instab_test_lusc/01_sample_data/Splicing/TCGA-85-8481.star_splice_junctions.tsv.gz
TCGA-85-8288	Splicing	/media/md0/abaumann/01_OLCIR/genomic_instab_test_lusc/00_raw_data/Splicing/2af2bef9-ebde-4353-80f4-dcfc64296623/e4e9b46b-9fea-4358-908a-811d2bd44b54.rna_seq.star_splice_junctions.tsv.gz	/media/md0/abaumann/01_OLCIR/genomic_instab_test_lusc/01_sample_data/Splicing/TCGA-85-8288.star_splice_junctions.tsv.gz
TCGA-85-A4QR	Splicing	/media/md0/abaumann/01_OLCIR/genomic_instab_test_lusc/00_raw_data/Splicing/363f9764-4df4-4feb-b9ea-bdbd8ad940ed/a462c0f9-23d3-428b-9b61-e42cb6a68af1.rna_seq.star_splice_junctions.tsv.gz	/media/md0/abaumann/01_OLCIR/genomic_instab_test_lusc/01_sample_data/Splicing/TCGA-85-A4QR.star_splice_junctions.tsv.gz
TCGA-77-7465	Splicing	/media/md0/abaumann/01_OLCIR/genomic_instab_test_lusc/00_raw_data/Splicing/0a3b686f-e1ca-4001-9a6c-7c3292cb8bd2/68111827-d5af-4d9c-beb2-e34678e73a62.rna_seq.star_splice_junctions.tsv.gz	/media/md0/abaumann/01_OLCIR/genomic_instab_test_lusc/01_sample_data/Splicing/TCGA-77-7465.star_splice_junctions.tsv.gz
TCGA-63-7020	Splicing	/media/md0/abaumann/01_OLCIR/genomic_instab_test_lusc/00_raw_data/Splicing/fc0947d0-9d52-4a58-a9e5-a3ec81ae944b/007e754d-e85c-4278-9183-382fbc61121f.rna_seq.star_splice_junctions.tsv.gz	/media/md0/abaumann/01_OLCIR/genomic_instab_test_lusc/01_sample_data/Splicing/TCGA-63-7020.star_splice_junctions.tsv.gz
TCGA-85-8353	Splicing	/media/md0/abaumann/01_OLCIR/genomic_instab_test_lusc/00_raw_data/Splicing/226dccc8-d60d-456e-9dc3-03d9c64d3c72/90f5d5aa-9eef-4cb3-a64c-7743a2fe572b.rna_seq.star_splice_junctions.tsv.gz	/media/md0/abaumann/01_OLCIR/genomic_instab_test_lusc/01_sample_data/Splicing/TCGA-85-8353.star_splice_junctions.tsv.gz
TCGA-85-8277	Splicing	/media/md0/abaumann/01_OLCIR/genomic_instab_test_lusc/00_raw_data/Splicing/aeac0ff4-f67d-4f35-b774-ef289c4d2088/fb9197ac-e658-4294-bf02-6dd0bc7a277b.rna_seq.star_splice_junctions.tsv.gz	/media/md0/abaumann/01_OLCIR/genomic_instab_test_lusc/01_sample_data/Splicing/TCGA-85-8277.star_splice_junctions.tsv.gz
TCGA-34-8454	Splicing	/media/md0/abaumann/01_OLCIR/genomic_instab_test_lusc/00_raw_data/Splicing/7924308e-f7f4-4cb6-bc66-0ab68349881f/e83faec0-340e-4d7a-b56f-dfe285e6b794.rna_seq.star_splice_junctions.tsv.gz	/media/md0/abaumann/01_OLCIR/genomic_instab_test_lusc/01_sample_data/Splicing/TCGA-34-8454.star_splice_junctions.tsv.gz
TCGA-85-7699	Splicing	/media/md0/abaumann/01_OLCIR/genomic_instab_test_lusc/00_raw_data/Splicing/fe9a56cf-f9c4-4bb3-8d1b-14a2a5c05ee1/61419601-eb40-48c4-b221-f244a321287b.rna_seq.star_splice_junctions.tsv.gz	/media/md0/abaumann/01_OLCIR/genomic_instab_test_lusc/01_sample_data/Splicing/TCGA-85-7699.star_splice_junctions.tsv.gz
TCGA-O2-A52N	Splicing	/media/md0/abaumann/01_OLCIR/genomic_instab_test_lusc/00_raw_data/Splicing/34915a62-0815-448a-a5cc-805d73d40749/01d30473-7c6c-43ea-adf9-777c37917f88.rna_seq.star_splice_junctions.tsv.gz	/media/md0/abaumann/01_OLCIR/genomic_instab_test_lusc/01_sample_data/Splicing/TCGA-O2-A52N.star_splice_junctions.tsv.gz
TCGA-56-8625	Splicing	/media/md0/abaumann/01_OLCIR/genomic_instab_test_lusc/00_raw_data/Splicing/ceb7c304-21b6-4777-84e4-77b0f4b65c8d/bcfe99a0-4126-4247-8dcc-c823ce2fdcd5.rna_seq.star_splice_junctions.tsv.gz	/media/md0/abaumann/01_OLCIR/genomic_instab_test_lusc/01_sample_data/Splicing/TCGA-56-8625.star_splice_junctions.tsv.gz
TCGA-85-A4JB	Splicing	/media/md0/abaumann/01_OLCIR/genomic_instab_test_lusc/00_raw_data/Splicing/dcbb7c5a-7ec5-4e91-a061-b90b04217bfe/c4c5dca2-17d4-4bd2-ada9-f1c389182fed.rna_seq.star_splice_junctions.tsv.gz	/media/md0/abaumann/01_OLCIR/genomic_instab_test_lusc/01_sample_data/Splicing/TCGA-85-A4JB.star_splice_junctions.tsv.gz
TCGA-94-8035	Splicing	/media/md0/abaumann/01_OLCIR/genomic_instab_test_lusc/00_raw_data/Splicing/bcd0016c-3265-4539-8f7b-fb09b027c68a/e38cba45-52c9-413e-86e7-707598d9cf3e.rna_seq.star_splice_junctions.tsv.gz	/media/md0/abaumann/01_OLCIR/genomic_instab_test_lusc/01_sample_data/Splicing/TCGA-94-8035.star_splice_junctions.tsv.gz
TCGA-63-7023	Splicing	/media/md0/abaumann/01_OLCIR/genomic_instab_test_lusc/00_raw_data/Splicing/016b46c8-9209-4045-b888-1bb5c20d1b23/776ed666-ea2e-4bfc-8304-6ed47efd2a73.rna_seq.star_splice_junctions.tsv.gz	/media/md0/abaumann/01_OLCIR/genomic_instab_test_lusc/01_sample_data/Splicing/TCGA-63-7023.star_splice_junctions.tsv.gz
TCGA-56-7223	Splicing	/media/md0/abaumann/01_OLCIR/genomic_instab_test_lusc/00_raw_data/Splicing/32f24c6b-f835-4f3f-ae26-d35a8c999e46/e37593fe-84a2-427d-88fc-1141f11f2649.rna_seq.star_splice_junctions.tsv.gz	/media/md0/abaumann/01_OLCIR/genomic_instab_test_lusc/01_sample_data/Splicing/TCGA-56-7223.star_splice_junctions.tsv.gz
TCGA-85-8479	Splicing	/media/md0/abaumann/01_OLCIR/genomic_instab_test_lusc/00_raw_data/Splicing/bdbd56dc-ddef-4b13-8490-a5d2ecf4177d/947d262c-5ccf-413a-868f-16ed7005a46b.rna_seq.star_splice_junctions.tsv.gz	/media/md0/abaumann/01_OLCIR/genomic_instab_test_lusc/01_sample_data/Splicing/TCGA-85-8479.star_splice_junctions.tsv.gz
TCGA-52-7810	Splicing	/media/md0/abaumann/01_OLCIR/genomic_instab_test_lusc/00_raw_data/Splicing/8f340099-ea1b-435b-b13d-116272dbc6da/2ffed52e-068e-461e-acc1-a0db838af1e7.rna_seq.star_splice_junctions.tsv.gz	/media/md0/abaumann/01_OLCIR/genomic_instab_test_lusc/01_sample_data/Splicing/TCGA-52-7810.star_splice_junctions.tsv.gz
TCGA-85-A512	Splicing	/media/md0/abaumann/01_OLCIR/genomic_instab_test_lusc/00_raw_data/Splicing/fdfedf02-a3f6-439b-ae00-eaa47a446c4a/9b1cbbad-58a1-4591-98b6-16292454d6f6.rna_seq.star_splice_junctions.tsv.gz	/media/md0/abaumann/01_OLCIR/genomic_instab_test_lusc/01_sample_data/Splicing/TCGA-85-A512.star_splice_junctions.tsv.gz
TCGA-56-8623	Splicing	/media/md0/abaumann/01_OLCIR/genomic_instab_test_lusc/00_raw_data/Splicing/91ee9155-eced-4d32-ad45-38f6449bb673/221c0abc-cf42-48ce-aabd-6aa0f84bcf30.rna_seq.star_splice_junctions.tsv.gz	/media/md0/abaumann/01_OLCIR/genomic_instab_test_lusc/01_sample_data/Splicing/TCGA-56-8623.star_splice_junctions.tsv.gz
TCGA-90-7766	Splicing	/media/md0/abaumann/01_OLCIR/genomic_instab_test_lusc/00_raw_data/Splicing/d5d1f079-3e1d-466c-8119-c4ca7c9dd1c0/afe1d6a7-79e5-426b-8b15-aa67e84b3c03.rna_seq.star_splice_junctions.tsv.gz	/media/md0/abaumann/01_OLCIR/genomic_instab_test_lusc/01_sample_data/Splicing/TCGA-90-7766.star_splice_junctions.tsv.gz
TCGA-21-1081	Splicing	/media/md0/abaumann/01_OLCIR/genomic_instab_test_lusc/00_raw_data/Splicing/60eac6da-9eb7-458d-a172-4817f1519b7f/cd043a38-03e2-4278-8396-c5654e056664.rna_seq.star_splice_junctions.tsv.gz	/media/md0/abaumann/01_OLCIR/genomic_instab_test_lusc/01_sample_data/Splicing/TCGA-21-1081.star_splice_junctions.tsv.gz
TCGA-96-7544	Splicing	/media/md0/abaumann/01_OLCIR/genomic_instab_test_lusc/00_raw_data/Splicing/944b73b7-da9a-4bd7-848e-393f5a65dcb4/08552b37-2d39-4696-a9b0-71795a276b7b.rna_seq.star_splice_junctions.tsv.gz	/media/md0/abaumann/01_OLCIR/genomic_instab_test_lusc/01_sample_data/Splicing/TCGA-96-7544.star_splice_junctions.tsv.gz
TCGA-85-A4CL	Splicing	/media/md0/abaumann/01_OLCIR/genomic_instab_test_lusc/00_raw_data/Splicing/e9c974e7-2536-4240-8266-b8d39358f99b/0579a43e-3d6a-4b55-b7b6-e46f2f826a63.rna_seq.star_splice_junctions.tsv.gz	/media/md0/abaumann/01_OLCIR/genomic_instab_test_lusc/01_sample_data/Splicing/TCGA-85-A4CL.star_splice_junctions.tsv.gz
TCGA-85-6561	Splicing	/media/md0/abaumann/01_OLCIR/genomic_instab_test_lusc/00_raw_data/Splicing/f2ba94e1-9fa4-4a33-89c8-330fb66a5d5b/6b267f00-73c0-4657-a61e-e552eef5b432.rna_seq.star_splice_junctions.tsv.gz	/media/md0/abaumann/01_OLCIR/genomic_instab_test_lusc/01_sample_data/Splicing/TCGA-85-6561.star_splice_junctions.tsv.gz
TCGA-63-A5MT	Splicing	/media/md0/abaumann/01_OLCIR/genomic_instab_test_lusc/00_raw_data/Splicing/dca2b8c1-298c-4d21-b314-4e54e34434a7/023acc63-ca58-42f9-939c-3b22682dc7cc.rna_seq.star_splice_junctions.tsv.gz	/media/md0/abaumann/01_OLCIR/genomic_instab_test_lusc/01_sample_data/Splicing/TCGA-63-A5MT.star_splice_junctions.tsv.gz
TCGA-98-8023	Splicing	/media/md0/abaumann/01_OLCIR/genomic_instab_test_lusc/00_raw_data/Splicing/e0f04190-c1fc-459a-ad69-22269d43f219/27ebac4a-87b1-4aec-b856-8f7acde78990.rna_seq.star_splice_junctions.tsv.gz	/media/md0/abaumann/01_OLCIR/genomic_instab_test_lusc/01_sample_data/Splicing/TCGA-98-8023.star_splice_junctions.tsv.gz
TCGA-85-8070	Splicing	/media/md0/abaumann/01_OLCIR/genomic_instab_test_lusc/00_raw_data/Splicing/d131cb6d-a8bc-461a-aaac-c75bb5fe7f17/8a19153b-5260-4fb9-939c-a4764bce20b0.rna_seq.star_splice_junctions.tsv.gz	/media/md0/abaumann/01_OLCIR/genomic_instab_test_lusc/01_sample_data/Splicing/TCGA-85-8070.star_splice_junctions.tsv.gz
TCGA-85-A50M	Splicing	/media/md0/abaumann/01_OLCIR/genomic_instab_test_lusc/00_raw_data/Splicing/81b72098-f2d9-466a-ae4e-fb8bf28f23e4/68b558ca-c3bb-4a1f-b133-624c4bc0e2dc.rna_seq.star_splice_junctions.tsv.gz	/media/md0/abaumann/01_OLCIR/genomic_instab_test_lusc/01_sample_data/Splicing/TCGA-85-A50M.star_splice_junctions.tsv.gz
TCGA-33-A4WN	Splicing	/media/md0/abaumann/01_OLCIR/genomic_instab_test_lusc/00_raw_data/Splicing/1c4820ef-432c-41bf-8a29-b6fbbabccdec/4936e396-7bec-4b5b-936a-029889e5d271.rna_seq.star_splice_junctions.tsv.gz	/media/md0/abaumann/01_OLCIR/genomic_instab_test_lusc/01_sample_data/Splicing/TCGA-33-A4WN.star_splice_junctions.tsv.gz
TCGA-96-7545	Splicing	/media/md0/abaumann/01_OLCIR/genomic_instab_test_lusc/00_raw_data/Splicing/0c2e58f5-ee86-4682-a4a2-70d530c89088/bbe66330-7ed8-4c41-bfa9-53bdfce3cc1f.rna_seq.star_splice_junctions.tsv.gz	/media/md0/abaumann/01_OLCIR/genomic_instab_test_lusc/01_sample_data/Splicing/TCGA-96-7545.star_splice_junctions.tsv.gz
TCGA-77-7140	Splicing	/media/md0/abaumann/01_OLCIR/genomic_instab_test_lusc/00_raw_data/Splicing/b7a71832-75c7-4a9e-b000-396605a58409/b6cbc920-9212-4a58-b109-8a57e394ef58.rna_seq.star_splice_junctions.tsv.gz	/media/md0/abaumann/01_OLCIR/genomic_instab_test_lusc/01_sample_data/Splicing/TCGA-77-7140.star_splice_junctions.tsv.gz
TCGA-43-6770	Splicing	/media/md0/abaumann/01_OLCIR/genomic_instab_test_lusc/00_raw_data/Splicing/af2d7033-c869-402e-8bf8-08cb8e2d13ba/7733c278-8e2b-4d6f-9e28-82256ea05035.rna_seq.star_splice_junctions.tsv.gz	/media/md0/abaumann/01_OLCIR/genomic_instab_test_lusc/01_sample_data/Splicing/TCGA-43-6770.star_splice_junctions.tsv.gz
TCGA-90-6837	Splicing	/media/md0/abaumann/01_OLCIR/genomic_instab_test_lusc/00_raw_data/Splicing/88538cdf-d4b9-492e-9ae0-938f2c19b4a9/fb202ad6-ab00-453e-bc4e-bdc96965995e.rna_seq.star_splice_junctions.tsv.gz	/media/md0/abaumann/01_OLCIR/genomic_instab_test_lusc/01_sample_data/Splicing/TCGA-90-6837.star_splice_junctions.tsv.gz
TCGA-56-8308	Splicing	/media/md0/abaumann/01_OLCIR/genomic_instab_test_lusc/00_raw_data/Splicing/cddd3492-ed76-4f96-9f1c-dfa58cd9823a/2acc3468-bc59-4cc2-9ab0-95c8a57a9c78.rna_seq.star_splice_junctions.tsv.gz	/media/md0/abaumann/01_OLCIR/genomic_instab_test_lusc/01_sample_data/Splicing/TCGA-56-8308.star_splice_junctions.tsv.gz
TCGA-56-7579	Splicing	/media/md0/abaumann/01_OLCIR/genomic_instab_test_lusc/00_raw_data/Splicing/bbf6e5f3-2bb2-47e7-82f7-a2c2bc777396/843d3266-d3bf-4193-b2cc-1146dffd81a2.rna_seq.star_splice_junctions.tsv.gz	/media/md0/abaumann/01_OLCIR/genomic_instab_test_lusc/01_sample_data/Splicing/TCGA-56-7579.star_splice_junctions.tsv.gz
TCGA-98-A53J	Splicing	/media/md0/abaumann/01_OLCIR/genomic_instab_test_lusc/00_raw_data/Splicing/3e0487d0-ad5d-44f9-9666-e8ac85b62192/dbdf55c4-832a-4eec-ac78-d6b83dcc0645.rna_seq.star_splice_junctions.tsv.gz	/media/md0/abaumann/01_OLCIR/genomic_instab_test_lusc/01_sample_data/Splicing/TCGA-98-A53J.star_splice_junctions.tsv.gz
TCGA-58-8388	Splicing	/media/md0/abaumann/01_OLCIR/genomic_instab_test_lusc/00_raw_data/Splicing/b7a38317-2c76-45d3-bede-59b9b42ce5a3/e8fbb9e4-a42d-4bfe-8001-31505fc33a4e.rna_seq.star_splice_junctions.tsv.gz	/media/md0/abaumann/01_OLCIR/genomic_instab_test_lusc/01_sample_data/Splicing/TCGA-58-8388.star_splice_junctions.tsv.gz
TCGA-34-5927	Splicing	/media/md0/abaumann/01_OLCIR/genomic_instab_test_lusc/00_raw_data/Splicing/0602b78e-505d-49e3-a6e8-1b41dc8f0690/8c686928-1b0b-409b-90c4-c18015a70b52.rna_seq.star_splice_junctions.tsv.gz	/media/md0/abaumann/01_OLCIR/genomic_instab_test_lusc/01_sample_data/Splicing/TCGA-34-5927.star_splice_junctions.tsv.gz
TCGA-77-A5G6	Splicing	/media/md0/abaumann/01_OLCIR/genomic_instab_test_lusc/00_raw_data/Splicing/a0d46538-fdd5-4e8c-acdc-2b919a499e49/f84c095c-92ae-4448-994e-de023c348520.rna_seq.star_splice_junctions.tsv.gz	/media/md0/abaumann/01_OLCIR/genomic_instab_test_lusc/01_sample_data/Splicing/TCGA-77-A5G6.star_splice_junctions.tsv.gz
TCGA-56-8083	Splicing	/media/md0/abaumann/01_OLCIR/genomic_instab_test_lusc/00_raw_data/Splicing/659a7b08-e546-47bd-bc85-509d212535c8/0416296d-5a48-4405-b93b-32190182f308.rna_seq.star_splice_junctions.tsv.gz	/media/md0/abaumann/01_OLCIR/genomic_instab_test_lusc/01_sample_data/Splicing/TCGA-56-8083.star_splice_junctions.tsv.gz
TCGA-21-1082	Splicing	/media/md0/abaumann/01_OLCIR/genomic_instab_test_lusc/00_raw_data/Splicing/6258e559-4641-4123-b519-2ce2f772ed95/915f6c40-fe7f-42ee-ac0d-a82a87c1d9cd.rna_seq.star_splice_junctions.tsv.gz	/media/md0/abaumann/01_OLCIR/genomic_instab_test_lusc/01_sample_data/Splicing/TCGA-21-1082.star_splice_junctions.tsv.gz
TCGA-58-8386	Splicing	/media/md0/abaumann/01_OLCIR/genomic_instab_test_lusc/00_raw_data/Splicing/0fe1bd62-3aff-4357-9d6b-1ad0abef03bf/c16c7ee3-9527-485c-83da-91d4a773ccaf.rna_seq.star_splice_junctions.tsv.gz	/media/md0/abaumann/01_OLCIR/genomic_instab_test_lusc/01_sample_data/Splicing/TCGA-58-8386.star_splice_junctions.tsv.gz
TCGA-52-7811	Splicing	/media/md0/abaumann/01_OLCIR/genomic_instab_test_lusc/00_raw_data/Splicing/244758fa-0db4-42bc-9f74-004ee20bc47a/285c2788-1da0-4ad7-b98c-0d0619b627bd.rna_seq.star_splice_junctions.tsv.gz	/media/md0/abaumann/01_OLCIR/genomic_instab_test_lusc/01_sample_data/Splicing/TCGA-52-7811.star_splice_junctions.tsv.gz
TCGA-70-6723	Splicing	/media/md0/abaumann/01_OLCIR/genomic_instab_test_lusc/00_raw_data/Splicing/9077a891-010f-483b-91ca-72d70da413b9/7999ce36-cdcf-41a8-bde7-6f519e619857.rna_seq.star_splice_junctions.tsv.gz	/media/md0/abaumann/01_OLCIR/genomic_instab_test_lusc/01_sample_data/Splicing/TCGA-70-6723.star_splice_junctions.tsv.gz
TCGA-85-7844	Splicing	/media/md0/abaumann/01_OLCIR/genomic_instab_test_lusc/00_raw_data/Splicing/ca594a1b-e420-4f2f-b6a4-5f6998e49108/4bd18000-5bd4-467c-8517-c6b0122c027f.rna_seq.star_splice_junctions.tsv.gz	/media/md0/abaumann/01_OLCIR/genomic_instab_test_lusc/01_sample_data/Splicing/TCGA-85-7844.star_splice_junctions.tsv.gz
TCGA-37-4135	Splicing	/media/md0/abaumann/01_OLCIR/genomic_instab_test_lusc/00_raw_data/Splicing/02d64670-e113-48a4-a725-6f54ada8c16d/7348a0dd-4824-478c-95e9-fd7107c247b6.rna_seq.star_splice_junctions.tsv.gz	/media/md0/abaumann/01_OLCIR/genomic_instab_test_lusc/01_sample_data/Splicing/TCGA-37-4135.star_splice_junctions.tsv.gz
TCGA-85-6175	Splicing	/media/md0/abaumann/01_OLCIR/genomic_instab_test_lusc/00_raw_data/Splicing/229f7403-f919-4586-aef3-8ae12d667b5d/14fe30e1-ae34-490e-a9bc-16de4e7e240e.rna_seq.star_splice_junctions.tsv.gz	/media/md0/abaumann/01_OLCIR/genomic_instab_test_lusc/01_sample_data/Splicing/TCGA-85-6175.star_splice_junctions.tsv.gz
TCGA-34-5234	Splicing	/media/md0/abaumann/01_OLCIR/genomic_instab_test_lusc/00_raw_data/Splicing/f04ba294-5e79-47d4-ba25-b297058f4e67/065e0bd3-5bd5-4dae-8711-e90c87a2d2eb.rna_seq.star_splice_junctions.tsv.gz	/media/md0/abaumann/01_OLCIR/genomic_instab_test_lusc/01_sample_data/Splicing/TCGA-34-5234.star_splice_junctions.tsv.gz
TCGA-77-8146	Splicing	/media/md0/abaumann/01_OLCIR/genomic_instab_test_lusc/00_raw_data/Splicing/b75cd822-71e7-4f9f-a640-2935688abbcc/6df808d4-b660-463e-ab2d-cc31f173fce8.rna_seq.star_splice_junctions.tsv.gz	/media/md0/abaumann/01_OLCIR/genomic_instab_test_lusc/01_sample_data/Splicing/TCGA-77-8146.star_splice_junctions.tsv.gz
TCGA-85-A4CN	Splicing	/media/md0/abaumann/01_OLCIR/genomic_instab_test_lusc/00_raw_data/Splicing/7254a109-007f-457d-8355-3ac9979b7d64/3c6ef566-fb1a-48d6-9616-c64e7aed881a.rna_seq.star_splice_junctions.tsv.gz	/media/md0/abaumann/01_OLCIR/genomic_instab_test_lusc/01_sample_data/Splicing/TCGA-85-A4CN.star_splice_junctions.tsv.gz
TCGA-98-A53A	Splicing	/media/md0/abaumann/01_OLCIR/genomic_instab_test_lusc/00_raw_data/Splicing/8ef68292-a03f-45d6-a5fa-e572ad283db2/4cbbd805-2dd4-479d-ae3b-ac8292540210.rna_seq.star_splice_junctions.tsv.gz	/media/md0/abaumann/01_OLCIR/genomic_instab_test_lusc/01_sample_data/Splicing/TCGA-98-A53A.star_splice_junctions.tsv.gz
TCGA-XC-AA0X	Splicing	/media/md0/abaumann/01_OLCIR/genomic_instab_test_lusc/00_raw_data/Splicing/bd58425a-5f2c-4a32-86d0-112948de5462/9643ba21-d26d-441e-a68d-ce4b98790711.rna_seq.star_splice_junctions.tsv.gz	/media/md0/abaumann/01_OLCIR/genomic_instab_test_lusc/01_sample_data/Splicing/TCGA-XC-AA0X.star_splice_junctions.tsv.gz
TCGA-43-8115	Splicing	/media/md0/abaumann/01_OLCIR/genomic_instab_test_lusc/00_raw_data/Splicing/de7ace59-e6d2-4a33-8383-ab9c4cd2d371/6791cf32-7f47-439e-8d6a-527a5a55bae9.rna_seq.star_splice_junctions.tsv.gz	/media/md0/abaumann/01_OLCIR/genomic_instab_test_lusc/01_sample_data/Splicing/TCGA-43-8115.star_splice_junctions.tsv.gz
TCGA-34-5239	Splicing	/media/md0/abaumann/01_OLCIR/genomic_instab_test_lusc/00_raw_data/Splicing/433edc61-bc31-486d-bb2d-20665a06bd8d/5bc83672-ab34-40f9-928c-00412b245b5b.rna_seq.star_splice_junctions.tsv.gz	/media/md0/abaumann/01_OLCIR/genomic_instab_test_lusc/01_sample_data/Splicing/TCGA-34-5239.star_splice_junctions.tsv.gz
TCGA-34-5241	Splicing	/media/md0/abaumann/01_OLCIR/genomic_instab_test_lusc/00_raw_data/Splicing/09d033fc-fe7b-4850-a09a-d9227548dc96/5b2ab630-763b-4efa-9681-fc3c8f65aa2f.rna_seq.star_splice_junctions.tsv.gz	/media/md0/abaumann/01_OLCIR/genomic_instab_test_lusc/01_sample_data/Splicing/TCGA-34-5241.star_splice_junctions.tsv.gz
TCGA-85-6798	Splicing	/media/md0/abaumann/01_OLCIR/genomic_instab_test_lusc/00_raw_data/Splicing/7072aa2d-4197-4d55-a67d-d556f8a2f684/1d551553-e0fd-4008-ab18-93fbf77cf9b9.rna_seq.star_splice_junctions.tsv.gz	/media/md0/abaumann/01_OLCIR/genomic_instab_test_lusc/01_sample_data/Splicing/TCGA-85-6798.star_splice_junctions.tsv.gz
TCGA-58-8393	Splicing	/media/md0/abaumann/01_OLCIR/genomic_instab_test_lusc/00_raw_data/Splicing/29233454-a4fe-4fad-beba-374ee460e657/96403ed2-56f1-4400-9b71-38364e579bae.rna_seq.star_splice_junctions.tsv.gz	/media/md0/abaumann/01_OLCIR/genomic_instab_test_lusc/01_sample_data/Splicing/TCGA-58-8393.star_splice_junctions.tsv.gz
TCGA-98-8021	Splicing	/media/md0/abaumann/01_OLCIR/genomic_instab_test_lusc/00_raw_data/Splicing/0c87298a-f8c1-4248-9819-31d9900496f2/498a2b3c-8330-4e83-9002-80e8faacd1d3.rna_seq.star_splice_junctions.tsv.gz	/media/md0/abaumann/01_OLCIR/genomic_instab_test_lusc/01_sample_data/Splicing/TCGA-98-8021.star_splice_junctions.tsv.gz
TCGA-85-8352	Splicing	/media/md0/abaumann/01_OLCIR/genomic_instab_test_lusc/00_raw_data/Splicing/23a89b8e-124c-4e2c-81b9-46fcc184d267/4f22c37d-3ee4-4237-8b39-d7a9a91f2e2d.rna_seq.star_splice_junctions.tsv.gz	/media/md0/abaumann/01_OLCIR/genomic_instab_test_lusc/01_sample_data/Splicing/TCGA-85-8352.star_splice_junctions.tsv.gz
TCGA-37-A5EM	Splicing	/media/md0/abaumann/01_OLCIR/genomic_instab_test_lusc/00_raw_data/Splicing/c0aeaa1d-0832-4fd5-8f78-a8241c8e1073/b3318acf-3b21-4d6c-beb9-0c18a18a484d.rna_seq.star_splice_junctions.tsv.gz	/media/md0/abaumann/01_OLCIR/genomic_instab_test_lusc/01_sample_data/Splicing/TCGA-37-A5EM.star_splice_junctions.tsv.gz
TCGA-56-8629	Splicing	/media/md0/abaumann/01_OLCIR/genomic_instab_test_lusc/00_raw_data/Splicing/d1970c17-e976-493a-aad9-a3b8ecb71f92/996bd4b6-e9a9-475c-8794-be2082131a9f.rna_seq.star_splice_junctions.tsv.gz	/media/md0/abaumann/01_OLCIR/genomic_instab_test_lusc/01_sample_data/Splicing/TCGA-56-8629.star_splice_junctions.tsv.gz
TCGA-92-7341	Splicing	/media/md0/abaumann/01_OLCIR/genomic_instab_test_lusc/00_raw_data/Splicing/c49d632d-5e1a-4f42-93f7-569dc056d37e/0672c617-1b52-4184-b879-87817fcc38b7.rna_seq.star_splice_junctions.tsv.gz	/media/md0/abaumann/01_OLCIR/genomic_instab_test_lusc/01_sample_data/Splicing/TCGA-92-7341.star_splice_junctions.tsv.gz
TCGA-68-7755	Splicing	/media/md0/abaumann/01_OLCIR/genomic_instab_test_lusc/00_raw_data/Splicing/889b8709-4ca1-4994-9e8e-fd8ac7098eb6/c5359233-1bc7-4d7d-893a-1114cb6a38ad.rna_seq.star_splice_junctions.tsv.gz	/media/md0/abaumann/01_OLCIR/genomic_instab_test_lusc/01_sample_data/Splicing/TCGA-68-7755.star_splice_junctions.tsv.gz
TCGA-85-8584	Splicing	/media/md0/abaumann/01_OLCIR/genomic_instab_test_lusc/00_raw_data/Splicing/22e7c315-1485-4ce4-a4d9-e0fad1f45849/e2a7e12b-a940-4031-ad7f-a02cbb2a338f.rna_seq.star_splice_junctions.tsv.gz	/media/md0/abaumann/01_OLCIR/genomic_instab_test_lusc/01_sample_data/Splicing/TCGA-85-8584.star_splice_junctions.tsv.gz
TCGA-77-8154	Splicing	/media/md0/abaumann/01_OLCIR/genomic_instab_test_lusc/00_raw_data/Splicing/b435badf-278d-4042-bdef-b9db0759fc1a/54dfc3dc-4b60-4e85-ae78-0e1c2b14abeb.rna_seq.star_splice_junctions.tsv.gz	/media/md0/abaumann/01_OLCIR/genomic_instab_test_lusc/01_sample_data/Splicing/TCGA-77-8154.star_splice_junctions.tsv.gz
TCGA-63-A5MR	Splicing	/media/md0/abaumann/01_OLCIR/genomic_instab_test_lusc/00_raw_data/Splicing/eea40274-6ad5-4e1b-b914-a82e10a6fa2d/3b944567-4d12-4cac-839f-31643a23b9fc.rna_seq.star_splice_junctions.tsv.gz	/media/md0/abaumann/01_OLCIR/genomic_instab_test_lusc/01_sample_data/Splicing/TCGA-63-A5MR.star_splice_junctions.tsv.gz
TCGA-56-7221	Splicing	/media/md0/abaumann/01_OLCIR/genomic_instab_test_lusc/00_raw_data/Splicing/8146697f-83e0-4d08-b456-c570fcbb78e6/545f9937-b128-4f44-8b12-ded0fb79bf3f.rna_seq.star_splice_junctions.tsv.gz	/media/md0/abaumann/01_OLCIR/genomic_instab_test_lusc/01_sample_data/Splicing/TCGA-56-7221.star_splice_junctions.tsv.gz
